ID,Name,Description,Level,MonsterType,IsAggressive,IsRanged,AttackSpeed,MoveSpeed,DetectionRange,strBonus,DexBonus,IntBonus,lukBonus,tecBonus,DropExp,DropGold,DropItemTable,Index
monster_1000001,새싹 고양이,이제 막 마나로 형성된 아기 고양이. 호기심 가득한 눈으로 주변을 탐색한다.,2,Normal,FALSE,FALSE,0.8,1,5,2,1,0,1,2,5,2,gold_coin:1:100;mana_mass:1:20,1
monster_1000002,나뭇잎 고양이,나뭇잎을 몸에 감싸고 있는 고양이. 숲의 기운을 머금고 있다.,4,Normal,FALSE,FALSE,0.9,1,6,3,2,1,1,1,7,4,gold_coin:1:100;herb:1:30;mana_mass:1:20,2
monster_1000003,들꽃 고양이,들꽃처럼 작고 귀여운 고양이. 공격성이 거의 없다.,7,Normal,FALSE,FALSE,0.8,1,5,7,7,6,8,10,15,5,gold_coin:1:100;yellow_flower:1:20;mana_mass:1:20,3
monster_2000004,숲의 고양이,숲의 기운을 가진 고양이,14,Elite,FALSE,FALSE,0.5,1.2,7,15,15,15,15,15,50,10,gold_coin:5:100;mana_mass:5:20;forest_mana_mass:1:10,4
monster_1000005,열기 고양이,화산의 기운을 받아 열을 내뿜는 고양이,15,Normal,FALSE,FALSE,0.8,1,5,15,16,15,16,18,20,10,gold_coin:1:100;boiled_egg:1:20,5
monster_1000006,밭의 고양이,밭이 많아 즐거운 고양이,20,Normal,FALSE,FALSE,0.9,1.1,5,20,27,24,27,26,50,15,gold_coin:1:100;seed:1:20,6
monster_1000007,냉기 고양이,눈의 마법의 영향으로 냉기를 뿜는 고양이,35,Normal,FALSE,FALSE,0.6,1.2,7,35,45,35,37,38,70,20,gold_coin:1:100;carrot:1:20,7
monster_Error000008,,,,,,,,,,,,,,,,,,8
monster_Error000009,,,,,,,,,,,,,,,,,,9
monster_Error000010,,,,,,,,,,,,,,,,,,10
monster_Error000011,,,,,,,,,,,,,,,,,,11
monster_Error000012,,,,,,,,,,,,,,,,,,12
monster_Error000013,,,,,,,,,,,,,,,,,,13
monster_Error000014,,,,,,,,,,,,,,,,,,14
monster_Error000015,,,,,,,,,,,,,,,,,,15
monster_Error000016,,,,,,,,,,,,,,,,,,16
monster_Error000017,,,,,,,,,,,,,,,,,,17
monster_Error000018,,,,,,,,,,,,,,,,,,18
monster_Error000019,,,,,,,,,,,,,,,,,,19
monster_Error000020,,,,,,,,,,,,,,,,,,20
monster_Error000021,,,,,,,,,,,,,,,,,,21
monster_Error000022,,,,,,,,,,,,,,,,,,22
monster_Error000023,,,,,,,,,,,,,,,,,,23
monster_Error000024,,,,,,,,,,,,,,,,,,24
monster_Error000025,,,,,,,,,,,,,,,,,,25
monster_Error000026,,,,,,,,,,,,,,,,,,26
monster_Error000027,,,,,,,,,,,,,,,,,,27
monster_Error000028,,,,,,,,,,,,,,,,,,28
monster_Error000029,,,,,,,,,,,,,,,,,,29
monster_Error000030,,,,,,,,,,,,,,,,,,30
monster_Error000031,,,,,,,,,,,,,,,,,,31
monster_Error000032,,,,,,,,,,,,,,,,,,32
monster_Error000033,,,,,,,,,,,,,,,,,,33
monster_Error000034,,,,,,,,,,,,,,,,,,34
monster_Error000035,,,,,,,,,,,,,,,,,,35
monster_Error000036,,,,,,,,,,,,,,,,,,36
monster_Error000037,,,,,,,,,,,,,,,,,,37
monster_Error000038,,,,,,,,,,,,,,,,,,38
monster_Error000039,,,,,,,,,,,,,,,,,,39
monster_Error000040,,,,,,,,,,,,,,,,,,40
monster_Error000041,,,,,,,,,,,,,,,,,,41
monster_Error000042,,,,,,,,,,,,,,,,,,42
monster_Error000043,,,,,,,,,,,,,,,,,,43
monster_Error000044,,,,,,,,,,,,,,,,,,44
monster_Error000045,,,,,,,,,,,,,,,,,,45
monster_Error000046,,,,,,,,,,,,,,,,,,46
monster_Error000047,,,,,,,,,,,,,,,,,,47
monster_Error000048,,,,,,,,,,,,,,,,,,48
monster_Error000049,,,,,,,,,,,,,,,,,,49
monster_Error000050,,,,,,,,,,,,,,,,,,50
monster_Error000051,,,,,,,,,,,,,,,,,,51
monster_Error000052,,,,,,,,,,,,,,,,,,52
monster_Error000053,,,,,,,,,,,,,,,,,,53
monster_Error000054,,,,,,,,,,,,,,,,,,54
monster_Error000055,,,,,,,,,,,,,,,,,,55
monster_Error000056,,,,,,,,,,,,,,,,,,56
monster_Error000057,,,,,,,,,,,,,,,,,,57
monster_Error000058,,,,,,,,,,,,,,,,,,58
monster_Error000059,,,,,,,,,,,,,,,,,,59
monster_Error000060,,,,,,,,,,,,,,,,,,60
monster_Error000061,,,,,,,,,,,,,,,,,,61
monster_Error000062,,,,,,,,,,,,,,,,,,62
monster_Error000063,,,,,,,,,,,,,,,,,,63
monster_Error000064,,,,,,,,,,,,,,,,,,64
monster_Error000065,,,,,,,,,,,,,,,,,,65
monster_Error000066,,,,,,,,,,,,,,,,,,66
monster_Error000067,,,,,,,,,,,,,,,,,,67
monster_Error000068,,,,,,,,,,,,,,,,,,68
monster_Error000069,,,,,,,,,,,,,,,,,,69
monster_Error000070,,,,,,,,,,,,,,,,,,70
monster_Error000071,,,,,,,,,,,,,,,,,,71
monster_Error000072,,,,,,,,,,,,,,,,,,72
monster_Error000073,,,,,,,,,,,,,,,,,,73
monster_Error000074,,,,,,,,,,,,,,,,,,74
monster_Error000075,,,,,,,,,,,,,,,,,,75
monster_Error000076,,,,,,,,,,,,,,,,,,76
monster_Error000077,,,,,,,,,,,,,,,,,,77
monster_Error000078,,,,,,,,,,,,,,,,,,78
monster_Error000079,,,,,,,,,,,,,,,,,,79
monster_Error000080,,,,,,,,,,,,,,,,,,80
monster_Error000081,,,,,,,,,,,,,,,,,,81
monster_Error000082,,,,,,,,,,,,,,,,,,82
monster_Error000083,,,,,,,,,,,,,,,,,,83
monster_Error000084,,,,,,,,,,,,,,,,,,84
monster_Error000085,,,,,,,,,,,,,,,,,,85
monster_Error000086,,,,,,,,,,,,,,,,,,86
monster_Error000087,,,,,,,,,,,,,,,,,,87
monster_Error000088,,,,,,,,,,,,,,,,,,88
monster_Error000089,,,,,,,,,,,,,,,,,,89
monster_Error000090,,,,,,,,,,,,,,,,,,90
monster_Error000091,,,,,,,,,,,,,,,,,,91
monster_Error000092,,,,,,,,,,,,,,,,,,92
monster_Error000093,,,,,,,,,,,,,,,,,,93
monster_Error000094,,,,,,,,,,,,,,,,,,94
monster_Error000095,,,,,,,,,,,,,,,,,,95
monster_Error000096,,,,,,,,,,,,,,,,,,96
monster_Error000097,,,,,,,,,,,,,,,,,,97
monster_Error000098,,,,,,,,,,,,,,,,,,98
monster_Error000099,,,,,,,,,,,,,,,,,,99
monster_Error000100,,,,,,,,,,,,,,,,,,100
monster_Error000101,,,,,,,,,,,,,,,,,,101
monster_Error000102,,,,,,,,,,,,,,,,,,102
monster_Error000103,,,,,,,,,,,,,,,,,,103
monster_Error000104,,,,,,,,,,,,,,,,,,104
monster_Error000105,,,,,,,,,,,,,,,,,,105
monster_Error000106,,,,,,,,,,,,,,,,,,106
monster_Error000107,,,,,,,,,,,,,,,,,,107
monster_Error000108,,,,,,,,,,,,,,,,,,108
monster_Error000109,,,,,,,,,,,,,,,,,,109
monster_Error000110,,,,,,,,,,,,,,,,,,110
monster_Error000111,,,,,,,,,,,,,,,,,,111
monster_Error000112,,,,,,,,,,,,,,,,,,112
monster_Error000113,,,,,,,,,,,,,,,,,,113
monster_Error000114,,,,,,,,,,,,,,,,,,114
monster_Error000115,,,,,,,,,,,,,,,,,,115
monster_Error000116,,,,,,,,,,,,,,,,,,116
monster_Error000117,,,,,,,,,,,,,,,,,,117
monster_Error000118,,,,,,,,,,,,,,,,,,118
monster_Error000119,,,,,,,,,,,,,,,,,,119
monster_Error000120,,,,,,,,,,,,,,,,,,120
monster_Error000121,,,,,,,,,,,,,,,,,,121
monster_Error000122,,,,,,,,,,,,,,,,,,122
monster_Error000123,,,,,,,,,,,,,,,,,,123
monster_Error000124,,,,,,,,,,,,,,,,,,124
monster_Error000125,,,,,,,,,,,,,,,,,,125
monster_Error000126,,,,,,,,,,,,,,,,,,126
monster_Error000127,,,,,,,,,,,,,,,,,,127
monster_Error000128,,,,,,,,,,,,,,,,,,128
monster_Error000129,,,,,,,,,,,,,,,,,,129
monster_Error000130,,,,,,,,,,,,,,,,,,130
monster_Error000131,,,,,,,,,,,,,,,,,,131
monster_Error000132,,,,,,,,,,,,,,,,,,132
monster_Error000133,,,,,,,,,,,,,,,,,,133
monster_Error000134,,,,,,,,,,,,,,,,,,134
monster_Error000135,,,,,,,,,,,,,,,,,,135
monster_Error000136,,,,,,,,,,,,,,,,,,136
monster_Error000137,,,,,,,,,,,,,,,,,,137
monster_Error000138,,,,,,,,,,,,,,,,,,138
monster_Error000139,,,,,,,,,,,,,,,,,,139
monster_Error000140,,,,,,,,,,,,,,,,,,140
monster_Error000141,,,,,,,,,,,,,,,,,,141
monster_Error000142,,,,,,,,,,,,,,,,,,142
monster_Error000143,,,,,,,,,,,,,,,,,,143
monster_Error000144,,,,,,,,,,,,,,,,,,144
monster_Error000145,,,,,,,,,,,,,,,,,,145
monster_Error000146,,,,,,,,,,,,,,,,,,146
monster_Error000147,,,,,,,,,,,,,,,,,,147
monster_Error000148,,,,,,,,,,,,,,,,,,148
monster_Error000149,,,,,,,,,,,,,,,,,,149
monster_Error000150,,,,,,,,,,,,,,,,,,150
monster_Error000151,,,,,,,,,,,,,,,,,,151
monster_Error000152,,,,,,,,,,,,,,,,,,152
monster_Error000153,,,,,,,,,,,,,,,,,,153
monster_Error000154,,,,,,,,,,,,,,,,,,154
monster_Error000155,,,,,,,,,,,,,,,,,,155
monster_Error000156,,,,,,,,,,,,,,,,,,156
monster_Error000157,,,,,,,,,,,,,,,,,,157
monster_Error000158,,,,,,,,,,,,,,,,,,158
monster_Error000159,,,,,,,,,,,,,,,,,,159
monster_Error000160,,,,,,,,,,,,,,,,,,160
monster_Error000161,,,,,,,,,,,,,,,,,,161
monster_Error000162,,,,,,,,,,,,,,,,,,162
monster_Error000163,,,,,,,,,,,,,,,,,,163
monster_Error000164,,,,,,,,,,,,,,,,,,164
monster_Error000165,,,,,,,,,,,,,,,,,,165
monster_Error000166,,,,,,,,,,,,,,,,,,166
monster_Error000167,,,,,,,,,,,,,,,,,,167
monster_Error000168,,,,,,,,,,,,,,,,,,168
monster_Error000169,,,,,,,,,,,,,,,,,,169
monster_Error000170,,,,,,,,,,,,,,,,,,170
monster_Error000171,,,,,,,,,,,,,,,,,,171
monster_Error000172,,,,,,,,,,,,,,,,,,172
monster_Error000173,,,,,,,,,,,,,,,,,,173
monster_Error000174,,,,,,,,,,,,,,,,,,174
monster_Error000175,,,,,,,,,,,,,,,,,,175
monster_Error000176,,,,,,,,,,,,,,,,,,176
monster_Error000177,,,,,,,,,,,,,,,,,,177
monster_Error000178,,,,,,,,,,,,,,,,,,178
monster_Error000179,,,,,,,,,,,,,,,,,,179
monster_Error000180,,,,,,,,,,,,,,,,,,180
monster_Error000181,,,,,,,,,,,,,,,,,,181
monster_Error000182,,,,,,,,,,,,,,,,,,182
monster_Error000183,,,,,,,,,,,,,,,,,,183
monster_Error000184,,,,,,,,,,,,,,,,,,184
monster_Error000185,,,,,,,,,,,,,,,,,,185
monster_Error000186,,,,,,,,,,,,,,,,,,186
monster_Error000187,,,,,,,,,,,,,,,,,,187
monster_Error000188,,,,,,,,,,,,,,,,,,188
monster_Error000189,,,,,,,,,,,,,,,,,,189
monster_Error000190,,,,,,,,,,,,,,,,,,190
monster_Error000191,,,,,,,,,,,,,,,,,,191
monster_Error000192,,,,,,,,,,,,,,,,,,192
monster_Error000193,,,,,,,,,,,,,,,,,,193
monster_Error000194,,,,,,,,,,,,,,,,,,194
monster_Error000195,,,,,,,,,,,,,,,,,,195
monster_Error000196,,,,,,,,,,,,,,,,,,196
monster_Error000197,,,,,,,,,,,,,,,,,,197
monster_Error000198,,,,,,,,,,,,,,,,,,198
monster_Error000199,,,,,,,,,,,,,,,,,,199
monster_Error000200,,,,,,,,,,,,,,,,,,200
monster_Error000201,,,,,,,,,,,,,,,,,,201
monster_Error000202,,,,,,,,,,,,,,,,,,202
monster_Error000203,,,,,,,,,,,,,,,,,,203
monster_Error000204,,,,,,,,,,,,,,,,,,204
monster_Error000205,,,,,,,,,,,,,,,,,,205
monster_Error000206,,,,,,,,,,,,,,,,,,206
monster_Error000207,,,,,,,,,,,,,,,,,,207
monster_Error000208,,,,,,,,,,,,,,,,,,208
monster_Error000209,,,,,,,,,,,,,,,,,,209
monster_Error000210,,,,,,,,,,,,,,,,,,210
monster_Error000211,,,,,,,,,,,,,,,,,,211
monster_Error000212,,,,,,,,,,,,,,,,,,212
monster_Error000213,,,,,,,,,,,,,,,,,,213
monster_Error000214,,,,,,,,,,,,,,,,,,214
monster_Error000215,,,,,,,,,,,,,,,,,,215
monster_Error000216,,,,,,,,,,,,,,,,,,216
monster_Error000217,,,,,,,,,,,,,,,,,,217
monster_Error000218,,,,,,,,,,,,,,,,,,218
monster_Error000219,,,,,,,,,,,,,,,,,,219
monster_Error000220,,,,,,,,,,,,,,,,,,220
monster_Error000221,,,,,,,,,,,,,,,,,,221
monster_Error000222,,,,,,,,,,,,,,,,,,222
monster_Error000223,,,,,,,,,,,,,,,,,,223
monster_Error000224,,,,,,,,,,,,,,,,,,224
monster_Error000225,,,,,,,,,,,,,,,,,,225
monster_Error000226,,,,,,,,,,,,,,,,,,226
monster_Error000227,,,,,,,,,,,,,,,,,,227
monster_Error000228,,,,,,,,,,,,,,,,,,228
monster_Error000229,,,,,,,,,,,,,,,,,,229
monster_Error000230,,,,,,,,,,,,,,,,,,230
monster_Error000231,,,,,,,,,,,,,,,,,,231
monster_Error000232,,,,,,,,,,,,,,,,,,232
monster_Error000233,,,,,,,,,,,,,,,,,,233
monster_Error000234,,,,,,,,,,,,,,,,,,234
monster_Error000235,,,,,,,,,,,,,,,,,,235
monster_Error000236,,,,,,,,,,,,,,,,,,236
monster_Error000237,,,,,,,,,,,,,,,,,,237
monster_Error000238,,,,,,,,,,,,,,,,,,238
monster_Error000239,,,,,,,,,,,,,,,,,,239
monster_Error000240,,,,,,,,,,,,,,,,,,240
monster_Error000241,,,,,,,,,,,,,,,,,,241
monster_Error000242,,,,,,,,,,,,,,,,,,242
monster_Error000243,,,,,,,,,,,,,,,,,,243
monster_Error000244,,,,,,,,,,,,,,,,,,244
monster_Error000245,,,,,,,,,,,,,,,,,,245
monster_Error000246,,,,,,,,,,,,,,,,,,246
monster_Error000247,,,,,,,,,,,,,,,,,,247
monster_Error000248,,,,,,,,,,,,,,,,,,248
monster_Error000249,,,,,,,,,,,,,,,,,,249
monster_Error000250,,,,,,,,,,,,,,,,,,250
monster_Error000251,,,,,,,,,,,,,,,,,,251
monster_Error000252,,,,,,,,,,,,,,,,,,252
monster_Error000253,,,,,,,,,,,,,,,,,,253
monster_Error000254,,,,,,,,,,,,,,,,,,254
monster_Error000255,,,,,,,,,,,,,,,,,,255
monster_Error000256,,,,,,,,,,,,,,,,,,256
monster_Error000257,,,,,,,,,,,,,,,,,,257
monster_Error000258,,,,,,,,,,,,,,,,,,258
monster_Error000259,,,,,,,,,,,,,,,,,,259
monster_Error000260,,,,,,,,,,,,,,,,,,260
monster_Error000261,,,,,,,,,,,,,,,,,,261
monster_Error000262,,,,,,,,,,,,,,,,,,262
monster_Error000263,,,,,,,,,,,,,,,,,,263
monster_Error000264,,,,,,,,,,,,,,,,,,264
monster_Error000265,,,,,,,,,,,,,,,,,,265
monster_Error000266,,,,,,,,,,,,,,,,,,266
monster_Error000267,,,,,,,,,,,,,,,,,,267
monster_Error000268,,,,,,,,,,,,,,,,,,268
monster_Error000269,,,,,,,,,,,,,,,,,,269
monster_Error000270,,,,,,,,,,,,,,,,,,270
monster_Error000271,,,,,,,,,,,,,,,,,,271
monster_Error000272,,,,,,,,,,,,,,,,,,272
monster_Error000273,,,,,,,,,,,,,,,,,,273
monster_Error000274,,,,,,,,,,,,,,,,,,274
monster_Error000275,,,,,,,,,,,,,,,,,,275
monster_Error000276,,,,,,,,,,,,,,,,,,276
monster_Error000277,,,,,,,,,,,,,,,,,,277
monster_Error000278,,,,,,,,,,,,,,,,,,278
monster_Error000279,,,,,,,,,,,,,,,,,,279
monster_Error000280,,,,,,,,,,,,,,,,,,280
monster_Error000281,,,,,,,,,,,,,,,,,,281
monster_Error000282,,,,,,,,,,,,,,,,,,282
monster_Error000283,,,,,,,,,,,,,,,,,,283
monster_Error000284,,,,,,,,,,,,,,,,,,284
monster_Error000285,,,,,,,,,,,,,,,,,,285
monster_Error000286,,,,,,,,,,,,,,,,,,286
monster_Error000287,,,,,,,,,,,,,,,,,,287
monster_Error000288,,,,,,,,,,,,,,,,,,288
monster_Error000289,,,,,,,,,,,,,,,,,,289
monster_Error000290,,,,,,,,,,,,,,,,,,290
monster_Error000291,,,,,,,,,,,,,,,,,,291
monster_Error000292,,,,,,,,,,,,,,,,,,292
monster_Error000293,,,,,,,,,,,,,,,,,,293
monster_Error000294,,,,,,,,,,,,,,,,,,294
monster_Error000295,,,,,,,,,,,,,,,,,,295
monster_Error000296,,,,,,,,,,,,,,,,,,296
monster_Error000297,,,,,,,,,,,,,,,,,,297
monster_Error000298,,,,,,,,,,,,,,,,,,298
monster_Error000299,,,,,,,,,,,,,,,,,,299
monster_Error000300,,,,,,,,,,,,,,,,,,300
monster_Error000301,,,,,,,,,,,,,,,,,,301
monster_Error000302,,,,,,,,,,,,,,,,,,302
monster_Error000303,,,,,,,,,,,,,,,,,,303
monster_Error000304,,,,,,,,,,,,,,,,,,304
monster_Error000305,,,,,,,,,,,,,,,,,,305
monster_Error000306,,,,,,,,,,,,,,,,,,306
monster_Error000307,,,,,,,,,,,,,,,,,,307
monster_Error000308,,,,,,,,,,,,,,,,,,308
monster_Error000309,,,,,,,,,,,,,,,,,,309
monster_Error000310,,,,,,,,,,,,,,,,,,310
monster_Error000311,,,,,,,,,,,,,,,,,,311
monster_Error000312,,,,,,,,,,,,,,,,,,312
monster_Error000313,,,,,,,,,,,,,,,,,,313
monster_Error000314,,,,,,,,,,,,,,,,,,314
monster_Error000315,,,,,,,,,,,,,,,,,,315
monster_Error000316,,,,,,,,,,,,,,,,,,316
monster_Error000317,,,,,,,,,,,,,,,,,,317
monster_Error000318,,,,,,,,,,,,,,,,,,318
monster_Error000319,,,,,,,,,,,,,,,,,,319
monster_Error000320,,,,,,,,,,,,,,,,,,320
monster_Error000321,,,,,,,,,,,,,,,,,,321
monster_Error000322,,,,,,,,,,,,,,,,,,322
monster_Error000323,,,,,,,,,,,,,,,,,,323
monster_Error000324,,,,,,,,,,,,,,,,,,324
monster_Error000325,,,,,,,,,,,,,,,,,,325
monster_Error000326,,,,,,,,,,,,,,,,,,326
monster_Error000327,,,,,,,,,,,,,,,,,,327
monster_Error000328,,,,,,,,,,,,,,,,,,328
monster_Error000329,,,,,,,,,,,,,,,,,,329
monster_Error000330,,,,,,,,,,,,,,,,,,330
monster_Error000331,,,,,,,,,,,,,,,,,,331
monster_Error000332,,,,,,,,,,,,,,,,,,332
monster_Error000333,,,,,,,,,,,,,,,,,,333
monster_Error000334,,,,,,,,,,,,,,,,,,334
monster_Error000335,,,,,,,,,,,,,,,,,,335
monster_Error000336,,,,,,,,,,,,,,,,,,336
monster_Error000337,,,,,,,,,,,,,,,,,,337
monster_Error000338,,,,,,,,,,,,,,,,,,338
monster_Error000339,,,,,,,,,,,,,,,,,,339
monster_Error000340,,,,,,,,,,,,,,,,,,340
monster_Error000341,,,,,,,,,,,,,,,,,,341
monster_Error000342,,,,,,,,,,,,,,,,,,342
monster_Error000343,,,,,,,,,,,,,,,,,,343
monster_Error000344,,,,,,,,,,,,,,,,,,344
monster_Error000345,,,,,,,,,,,,,,,,,,345
monster_Error000346,,,,,,,,,,,,,,,,,,346
monster_Error000347,,,,,,,,,,,,,,,,,,347
monster_Error000348,,,,,,,,,,,,,,,,,,348
monster_Error000349,,,,,,,,,,,,,,,,,,349
monster_Error000350,,,,,,,,,,,,,,,,,,350
monster_Error000351,,,,,,,,,,,,,,,,,,351
monster_Error000352,,,,,,,,,,,,,,,,,,352
monster_Error000353,,,,,,,,,,,,,,,,,,353
monster_Error000354,,,,,,,,,,,,,,,,,,354
monster_Error000355,,,,,,,,,,,,,,,,,,355
monster_Error000356,,,,,,,,,,,,,,,,,,356
monster_Error000357,,,,,,,,,,,,,,,,,,357
monster_Error000358,,,,,,,,,,,,,,,,,,358
monster_Error000359,,,,,,,,,,,,,,,,,,359
monster_Error000360,,,,,,,,,,,,,,,,,,360
monster_Error000361,,,,,,,,,,,,,,,,,,361
monster_Error000362,,,,,,,,,,,,,,,,,,362
monster_Error000363,,,,,,,,,,,,,,,,,,363
monster_Error000364,,,,,,,,,,,,,,,,,,364
monster_Error000365,,,,,,,,,,,,,,,,,,365
monster_Error000366,,,,,,,,,,,,,,,,,,366
monster_Error000367,,,,,,,,,,,,,,,,,,367
monster_Error000368,,,,,,,,,,,,,,,,,,368
monster_Error000369,,,,,,,,,,,,,,,,,,369
monster_Error000370,,,,,,,,,,,,,,,,,,370
monster_Error000371,,,,,,,,,,,,,,,,,,371
monster_Error000372,,,,,,,,,,,,,,,,,,372
monster_Error000373,,,,,,,,,,,,,,,,,,373
monster_Error000374,,,,,,,,,,,,,,,,,,374
monster_Error000375,,,,,,,,,,,,,,,,,,375
monster_Error000376,,,,,,,,,,,,,,,,,,376
monster_Error000377,,,,,,,,,,,,,,,,,,377
monster_Error000378,,,,,,,,,,,,,,,,,,378
monster_Error000379,,,,,,,,,,,,,,,,,,379
monster_Error000380,,,,,,,,,,,,,,,,,,380
monster_Error000381,,,,,,,,,,,,,,,,,,381
monster_Error000382,,,,,,,,,,,,,,,,,,382
monster_Error000383,,,,,,,,,,,,,,,,,,383
monster_Error000384,,,,,,,,,,,,,,,,,,384
monster_Error000385,,,,,,,,,,,,,,,,,,385
monster_Error000386,,,,,,,,,,,,,,,,,,386
monster_Error000387,,,,,,,,,,,,,,,,,,387
monster_Error000388,,,,,,,,,,,,,,,,,,388
monster_Error000389,,,,,,,,,,,,,,,,,,389
monster_Error000390,,,,,,,,,,,,,,,,,,390
monster_Error000391,,,,,,,,,,,,,,,,,,391
monster_Error000392,,,,,,,,,,,,,,,,,,392
monster_Error000393,,,,,,,,,,,,,,,,,,393
monster_Error000394,,,,,,,,,,,,,,,,,,394
monster_Error000395,,,,,,,,,,,,,,,,,,395
monster_Error000396,,,,,,,,,,,,,,,,,,396
monster_Error000397,,,,,,,,,,,,,,,,,,397
monster_Error000398,,,,,,,,,,,,,,,,,,398
monster_Error000399,,,,,,,,,,,,,,,,,,399
monster_Error000400,,,,,,,,,,,,,,,,,,400
monster_Error000401,,,,,,,,,,,,,,,,,,401
monster_Error000402,,,,,,,,,,,,,,,,,,402
monster_Error000403,,,,,,,,,,,,,,,,,,403
monster_Error000404,,,,,,,,,,,,,,,,,,404
monster_Error000405,,,,,,,,,,,,,,,,,,405
monster_Error000406,,,,,,,,,,,,,,,,,,406
monster_Error000407,,,,,,,,,,,,,,,,,,407
monster_Error000408,,,,,,,,,,,,,,,,,,408
monster_Error000409,,,,,,,,,,,,,,,,,,409
monster_Error000410,,,,,,,,,,,,,,,,,,410
monster_Error000411,,,,,,,,,,,,,,,,,,411
monster_Error000412,,,,,,,,,,,,,,,,,,412
monster_Error000413,,,,,,,,,,,,,,,,,,413
monster_Error000414,,,,,,,,,,,,,,,,,,414
monster_Error000415,,,,,,,,,,,,,,,,,,415
monster_Error000416,,,,,,,,,,,,,,,,,,416
monster_Error000417,,,,,,,,,,,,,,,,,,417
monster_Error000418,,,,,,,,,,,,,,,,,,418
monster_Error000419,,,,,,,,,,,,,,,,,,419
monster_Error000420,,,,,,,,,,,,,,,,,,420
monster_Error000421,,,,,,,,,,,,,,,,,,421
monster_Error000422,,,,,,,,,,,,,,,,,,422
monster_Error000423,,,,,,,,,,,,,,,,,,423
monster_Error000424,,,,,,,,,,,,,,,,,,424
monster_Error000425,,,,,,,,,,,,,,,,,,425
monster_Error000426,,,,,,,,,,,,,,,,,,426
monster_Error000427,,,,,,,,,,,,,,,,,,427
monster_Error000428,,,,,,,,,,,,,,,,,,428
monster_Error000429,,,,,,,,,,,,,,,,,,429
monster_Error000430,,,,,,,,,,,,,,,,,,430
monster_Error000431,,,,,,,,,,,,,,,,,,431
monster_Error000432,,,,,,,,,,,,,,,,,,432
monster_Error000433,,,,,,,,,,,,,,,,,,433
monster_Error000434,,,,,,,,,,,,,,,,,,434
monster_Error000435,,,,,,,,,,,,,,,,,,435
monster_Error000436,,,,,,,,,,,,,,,,,,436
monster_Error000437,,,,,,,,,,,,,,,,,,437
monster_Error000438,,,,,,,,,,,,,,,,,,438
monster_Error000439,,,,,,,,,,,,,,,,,,439
monster_Error000440,,,,,,,,,,,,,,,,,,440
monster_Error000441,,,,,,,,,,,,,,,,,,441
monster_Error000442,,,,,,,,,,,,,,,,,,442
monster_Error000443,,,,,,,,,,,,,,,,,,443
monster_Error000444,,,,,,,,,,,,,,,,,,444
monster_Error000445,,,,,,,,,,,,,,,,,,445
monster_Error000446,,,,,,,,,,,,,,,,,,446
monster_Error000447,,,,,,,,,,,,,,,,,,447
monster_Error000448,,,,,,,,,,,,,,,,,,448
monster_Error000449,,,,,,,,,,,,,,,,,,449
monster_Error000450,,,,,,,,,,,,,,,,,,450
monster_Error000451,,,,,,,,,,,,,,,,,,451
monster_Error000452,,,,,,,,,,,,,,,,,,452
monster_Error000453,,,,,,,,,,,,,,,,,,453
monster_Error000454,,,,,,,,,,,,,,,,,,454
monster_Error000455,,,,,,,,,,,,,,,,,,455
monster_Error000456,,,,,,,,,,,,,,,,,,456
monster_Error000457,,,,,,,,,,,,,,,,,,457
monster_Error000458,,,,,,,,,,,,,,,,,,458
monster_Error000459,,,,,,,,,,,,,,,,,,459
monster_Error000460,,,,,,,,,,,,,,,,,,460
monster_Error000461,,,,,,,,,,,,,,,,,,461
monster_Error000462,,,,,,,,,,,,,,,,,,462
monster_Error000463,,,,,,,,,,,,,,,,,,463
monster_Error000464,,,,,,,,,,,,,,,,,,464
monster_Error000465,,,,,,,,,,,,,,,,,,465
monster_Error000466,,,,,,,,,,,,,,,,,,466
monster_Error000467,,,,,,,,,,,,,,,,,,467
monster_Error000468,,,,,,,,,,,,,,,,,,468
monster_Error000469,,,,,,,,,,,,,,,,,,469
monster_Error000470,,,,,,,,,,,,,,,,,,470
monster_Error000471,,,,,,,,,,,,,,,,,,471
monster_Error000472,,,,,,,,,,,,,,,,,,472
monster_Error000473,,,,,,,,,,,,,,,,,,473
monster_Error000474,,,,,,,,,,,,,,,,,,474
monster_Error000475,,,,,,,,,,,,,,,,,,475
monster_Error000476,,,,,,,,,,,,,,,,,,476
monster_Error000477,,,,,,,,,,,,,,,,,,477
monster_Error000478,,,,,,,,,,,,,,,,,,478
monster_Error000479,,,,,,,,,,,,,,,,,,479
monster_Error000480,,,,,,,,,,,,,,,,,,480
monster_Error000481,,,,,,,,,,,,,,,,,,481
monster_Error000482,,,,,,,,,,,,,,,,,,482
monster_Error000483,,,,,,,,,,,,,,,,,,483
monster_Error000484,,,,,,,,,,,,,,,,,,484
monster_Error000485,,,,,,,,,,,,,,,,,,485
monster_Error000486,,,,,,,,,,,,,,,,,,486
monster_Error000487,,,,,,,,,,,,,,,,,,487
monster_Error000488,,,,,,,,,,,,,,,,,,488
monster_Error000489,,,,,,,,,,,,,,,,,,489
monster_Error000490,,,,,,,,,,,,,,,,,,490
monster_Error000491,,,,,,,,,,,,,,,,,,491
monster_Error000492,,,,,,,,,,,,,,,,,,492
monster_Error000493,,,,,,,,,,,,,,,,,,493
monster_Error000494,,,,,,,,,,,,,,,,,,494
monster_Error000495,,,,,,,,,,,,,,,,,,495
monster_Error000496,,,,,,,,,,,,,,,,,,496
monster_Error000497,,,,,,,,,,,,,,,,,,497
monster_Error000498,,,,,,,,,,,,,,,,,,498
monster_Error000499,,,,,,,,,,,,,,,,,,499
monster_Error000500,,,,,,,,,,,,,,,,,,500
monster_Error000501,,,,,,,,,,,,,,,,,,501
monster_Error000502,,,,,,,,,,,,,,,,,,502
monster_Error000503,,,,,,,,,,,,,,,,,,503
monster_Error000504,,,,,,,,,,,,,,,,,,504
monster_Error000505,,,,,,,,,,,,,,,,,,505
monster_Error000506,,,,,,,,,,,,,,,,,,506
monster_Error000507,,,,,,,,,,,,,,,,,,507
monster_Error000508,,,,,,,,,,,,,,,,,,508
monster_Error000509,,,,,,,,,,,,,,,,,,509
monster_Error000510,,,,,,,,,,,,,,,,,,510
monster_Error000511,,,,,,,,,,,,,,,,,,511
monster_Error000512,,,,,,,,,,,,,,,,,,512
monster_Error000513,,,,,,,,,,,,,,,,,,513
monster_Error000514,,,,,,,,,,,,,,,,,,514
monster_Error000515,,,,,,,,,,,,,,,,,,515
monster_Error000516,,,,,,,,,,,,,,,,,,516
monster_Error000517,,,,,,,,,,,,,,,,,,517
monster_Error000518,,,,,,,,,,,,,,,,,,518
monster_Error000519,,,,,,,,,,,,,,,,,,519
monster_Error000520,,,,,,,,,,,,,,,,,,520
monster_Error000521,,,,,,,,,,,,,,,,,,521
monster_Error000522,,,,,,,,,,,,,,,,,,522
monster_Error000523,,,,,,,,,,,,,,,,,,523
monster_Error000524,,,,,,,,,,,,,,,,,,524
monster_Error000525,,,,,,,,,,,,,,,,,,525
monster_Error000526,,,,,,,,,,,,,,,,,,526
monster_Error000527,,,,,,,,,,,,,,,,,,527
monster_Error000528,,,,,,,,,,,,,,,,,,528
monster_Error000529,,,,,,,,,,,,,,,,,,529
monster_Error000530,,,,,,,,,,,,,,,,,,530
monster_Error000531,,,,,,,,,,,,,,,,,,531
monster_Error000532,,,,,,,,,,,,,,,,,,532
monster_Error000533,,,,,,,,,,,,,,,,,,533
monster_Error000534,,,,,,,,,,,,,,,,,,534
monster_Error000535,,,,,,,,,,,,,,,,,,535
monster_Error000536,,,,,,,,,,,,,,,,,,536
monster_Error000537,,,,,,,,,,,,,,,,,,537
monster_Error000538,,,,,,,,,,,,,,,,,,538
monster_Error000539,,,,,,,,,,,,,,,,,,539
monster_Error000540,,,,,,,,,,,,,,,,,,540
monster_Error000541,,,,,,,,,,,,,,,,,,541
monster_Error000542,,,,,,,,,,,,,,,,,,542
monster_Error000543,,,,,,,,,,,,,,,,,,543
monster_Error000544,,,,,,,,,,,,,,,,,,544
monster_Error000545,,,,,,,,,,,,,,,,,,545
monster_Error000546,,,,,,,,,,,,,,,,,,546
monster_Error000547,,,,,,,,,,,,,,,,,,547
monster_Error000548,,,,,,,,,,,,,,,,,,548
monster_Error000549,,,,,,,,,,,,,,,,,,549
monster_Error000550,,,,,,,,,,,,,,,,,,550
monster_Error000551,,,,,,,,,,,,,,,,,,551
monster_Error000552,,,,,,,,,,,,,,,,,,552
monster_Error000553,,,,,,,,,,,,,,,,,,553
monster_Error000554,,,,,,,,,,,,,,,,,,554
monster_Error000555,,,,,,,,,,,,,,,,,,555
monster_Error000556,,,,,,,,,,,,,,,,,,556
monster_Error000557,,,,,,,,,,,,,,,,,,557
monster_Error000558,,,,,,,,,,,,,,,,,,558
monster_Error000559,,,,,,,,,,,,,,,,,,559
monster_Error000560,,,,,,,,,,,,,,,,,,560
monster_Error000561,,,,,,,,,,,,,,,,,,561
monster_Error000562,,,,,,,,,,,,,,,,,,562
monster_Error000563,,,,,,,,,,,,,,,,,,563
monster_Error000564,,,,,,,,,,,,,,,,,,564
monster_Error000565,,,,,,,,,,,,,,,,,,565
monster_Error000566,,,,,,,,,,,,,,,,,,566
monster_Error000567,,,,,,,,,,,,,,,,,,567
monster_Error000568,,,,,,,,,,,,,,,,,,568
monster_Error000569,,,,,,,,,,,,,,,,,,569
monster_Error000570,,,,,,,,,,,,,,,,,,570
monster_Error000571,,,,,,,,,,,,,,,,,,571
monster_Error000572,,,,,,,,,,,,,,,,,,572
monster_Error000573,,,,,,,,,,,,,,,,,,573
monster_Error000574,,,,,,,,,,,,,,,,,,574
monster_Error000575,,,,,,,,,,,,,,,,,,575
monster_Error000576,,,,,,,,,,,,,,,,,,576
monster_Error000577,,,,,,,,,,,,,,,,,,577
monster_Error000578,,,,,,,,,,,,,,,,,,578
monster_Error000579,,,,,,,,,,,,,,,,,,579
monster_Error000580,,,,,,,,,,,,,,,,,,580
monster_Error000581,,,,,,,,,,,,,,,,,,581
monster_Error000582,,,,,,,,,,,,,,,,,,582
monster_Error000583,,,,,,,,,,,,,,,,,,583
monster_Error000584,,,,,,,,,,,,,,,,,,584
monster_Error000585,,,,,,,,,,,,,,,,,,585
monster_Error000586,,,,,,,,,,,,,,,,,,586
monster_Error000587,,,,,,,,,,,,,,,,,,587
monster_Error000588,,,,,,,,,,,,,,,,,,588
monster_Error000589,,,,,,,,,,,,,,,,,,589
monster_Error000590,,,,,,,,,,,,,,,,,,590
monster_Error000591,,,,,,,,,,,,,,,,,,591
monster_Error000592,,,,,,,,,,,,,,,,,,592
monster_Error000593,,,,,,,,,,,,,,,,,,593
monster_Error000594,,,,,,,,,,,,,,,,,,594
monster_Error000595,,,,,,,,,,,,,,,,,,595
monster_Error000596,,,,,,,,,,,,,,,,,,596
monster_Error000597,,,,,,,,,,,,,,,,,,597
monster_Error000598,,,,,,,,,,,,,,,,,,598
monster_Error000599,,,,,,,,,,,,,,,,,,599
monster_Error000600,,,,,,,,,,,,,,,,,,600
monster_Error000601,,,,,,,,,,,,,,,,,,601
monster_Error000602,,,,,,,,,,,,,,,,,,602
monster_Error000603,,,,,,,,,,,,,,,,,,603
monster_Error000604,,,,,,,,,,,,,,,,,,604
monster_Error000605,,,,,,,,,,,,,,,,,,605
monster_Error000606,,,,,,,,,,,,,,,,,,606
monster_Error000607,,,,,,,,,,,,,,,,,,607
monster_Error000608,,,,,,,,,,,,,,,,,,608
monster_Error000609,,,,,,,,,,,,,,,,,,609
monster_Error000610,,,,,,,,,,,,,,,,,,610
monster_Error000611,,,,,,,,,,,,,,,,,,611
monster_Error000612,,,,,,,,,,,,,,,,,,612
monster_Error000613,,,,,,,,,,,,,,,,,,613
monster_Error000614,,,,,,,,,,,,,,,,,,614
monster_Error000615,,,,,,,,,,,,,,,,,,615
monster_Error000616,,,,,,,,,,,,,,,,,,616
monster_Error000617,,,,,,,,,,,,,,,,,,617
monster_Error000618,,,,,,,,,,,,,,,,,,618
monster_Error000619,,,,,,,,,,,,,,,,,,619
monster_Error000620,,,,,,,,,,,,,,,,,,620
monster_Error000621,,,,,,,,,,,,,,,,,,621
monster_Error000622,,,,,,,,,,,,,,,,,,622
monster_Error000623,,,,,,,,,,,,,,,,,,623
monster_Error000624,,,,,,,,,,,,,,,,,,624
monster_Error000625,,,,,,,,,,,,,,,,,,625
monster_Error000626,,,,,,,,,,,,,,,,,,626
monster_Error000627,,,,,,,,,,,,,,,,,,627
monster_Error000628,,,,,,,,,,,,,,,,,,628
monster_Error000629,,,,,,,,,,,,,,,,,,629
monster_Error000630,,,,,,,,,,,,,,,,,,630
monster_Error000631,,,,,,,,,,,,,,,,,,631
monster_Error000632,,,,,,,,,,,,,,,,,,632
monster_Error000633,,,,,,,,,,,,,,,,,,633
monster_Error000634,,,,,,,,,,,,,,,,,,634
monster_Error000635,,,,,,,,,,,,,,,,,,635
monster_Error000636,,,,,,,,,,,,,,,,,,636
monster_Error000637,,,,,,,,,,,,,,,,,,637
monster_Error000638,,,,,,,,,,,,,,,,,,638
monster_Error000639,,,,,,,,,,,,,,,,,,639
monster_Error000640,,,,,,,,,,,,,,,,,,640
monster_Error000641,,,,,,,,,,,,,,,,,,641
monster_Error000642,,,,,,,,,,,,,,,,,,642
monster_Error000643,,,,,,,,,,,,,,,,,,643
monster_Error000644,,,,,,,,,,,,,,,,,,644
monster_Error000645,,,,,,,,,,,,,,,,,,645
monster_Error000646,,,,,,,,,,,,,,,,,,646
monster_Error000647,,,,,,,,,,,,,,,,,,647
monster_Error000648,,,,,,,,,,,,,,,,,,648
monster_Error000649,,,,,,,,,,,,,,,,,,649
monster_Error000650,,,,,,,,,,,,,,,,,,650
monster_Error000651,,,,,,,,,,,,,,,,,,651
monster_Error000652,,,,,,,,,,,,,,,,,,652
monster_Error000653,,,,,,,,,,,,,,,,,,653
monster_Error000654,,,,,,,,,,,,,,,,,,654
monster_Error000655,,,,,,,,,,,,,,,,,,655
monster_Error000656,,,,,,,,,,,,,,,,,,656
monster_Error000657,,,,,,,,,,,,,,,,,,657
monster_Error000658,,,,,,,,,,,,,,,,,,658
monster_Error000659,,,,,,,,,,,,,,,,,,659
monster_Error000660,,,,,,,,,,,,,,,,,,660
monster_Error000661,,,,,,,,,,,,,,,,,,661
monster_Error000662,,,,,,,,,,,,,,,,,,662
monster_Error000663,,,,,,,,,,,,,,,,,,663
monster_Error000664,,,,,,,,,,,,,,,,,,664
monster_Error000665,,,,,,,,,,,,,,,,,,665
monster_Error000666,,,,,,,,,,,,,,,,,,666
monster_Error000667,,,,,,,,,,,,,,,,,,667
monster_Error000668,,,,,,,,,,,,,,,,,,668
monster_Error000669,,,,,,,,,,,,,,,,,,669
monster_Error000670,,,,,,,,,,,,,,,,,,670
monster_Error000671,,,,,,,,,,,,,,,,,,671
monster_Error000672,,,,,,,,,,,,,,,,,,672
monster_Error000673,,,,,,,,,,,,,,,,,,673
monster_Error000674,,,,,,,,,,,,,,,,,,674
monster_Error000675,,,,,,,,,,,,,,,,,,675
monster_Error000676,,,,,,,,,,,,,,,,,,676
monster_Error000677,,,,,,,,,,,,,,,,,,677
monster_Error000678,,,,,,,,,,,,,,,,,,678
monster_Error000679,,,,,,,,,,,,,,,,,,679
monster_Error000680,,,,,,,,,,,,,,,,,,680
monster_Error000681,,,,,,,,,,,,,,,,,,681
monster_Error000682,,,,,,,,,,,,,,,,,,682
monster_Error000683,,,,,,,,,,,,,,,,,,683
monster_Error000684,,,,,,,,,,,,,,,,,,684
monster_Error000685,,,,,,,,,,,,,,,,,,685
monster_Error000686,,,,,,,,,,,,,,,,,,686
monster_Error000687,,,,,,,,,,,,,,,,,,687
monster_Error000688,,,,,,,,,,,,,,,,,,688
monster_Error000689,,,,,,,,,,,,,,,,,,689
monster_Error000690,,,,,,,,,,,,,,,,,,690
monster_Error000691,,,,,,,,,,,,,,,,,,691
monster_Error000692,,,,,,,,,,,,,,,,,,692
monster_Error000693,,,,,,,,,,,,,,,,,,693
monster_Error000694,,,,,,,,,,,,,,,,,,694
monster_Error000695,,,,,,,,,,,,,,,,,,695
monster_Error000696,,,,,,,,,,,,,,,,,,696
monster_Error000697,,,,,,,,,,,,,,,,,,697
monster_Error000698,,,,,,,,,,,,,,,,,,698
monster_Error000699,,,,,,,,,,,,,,,,,,699
monster_Error000700,,,,,,,,,,,,,,,,,,700
monster_Error000701,,,,,,,,,,,,,,,,,,701
monster_Error000702,,,,,,,,,,,,,,,,,,702
monster_Error000703,,,,,,,,,,,,,,,,,,703
monster_Error000704,,,,,,,,,,,,,,,,,,704
monster_Error000705,,,,,,,,,,,,,,,,,,705
monster_Error000706,,,,,,,,,,,,,,,,,,706
monster_Error000707,,,,,,,,,,,,,,,,,,707
monster_Error000708,,,,,,,,,,,,,,,,,,708
monster_Error000709,,,,,,,,,,,,,,,,,,709
monster_Error000710,,,,,,,,,,,,,,,,,,710
monster_Error000711,,,,,,,,,,,,,,,,,,711
monster_Error000712,,,,,,,,,,,,,,,,,,712
monster_Error000713,,,,,,,,,,,,,,,,,,713
monster_Error000714,,,,,,,,,,,,,,,,,,714
monster_Error000715,,,,,,,,,,,,,,,,,,715
monster_Error000716,,,,,,,,,,,,,,,,,,716
monster_Error000717,,,,,,,,,,,,,,,,,,717
monster_Error000718,,,,,,,,,,,,,,,,,,718
monster_Error000719,,,,,,,,,,,,,,,,,,719
monster_Error000720,,,,,,,,,,,,,,,,,,720
monster_Error000721,,,,,,,,,,,,,,,,,,721
monster_Error000722,,,,,,,,,,,,,,,,,,722
monster_Error000723,,,,,,,,,,,,,,,,,,723
monster_Error000724,,,,,,,,,,,,,,,,,,724
monster_Error000725,,,,,,,,,,,,,,,,,,725
monster_Error000726,,,,,,,,,,,,,,,,,,726
monster_Error000727,,,,,,,,,,,,,,,,,,727
monster_Error000728,,,,,,,,,,,,,,,,,,728
monster_Error000729,,,,,,,,,,,,,,,,,,729
monster_Error000730,,,,,,,,,,,,,,,,,,730
monster_Error000731,,,,,,,,,,,,,,,,,,731
monster_Error000732,,,,,,,,,,,,,,,,,,732
monster_Error000733,,,,,,,,,,,,,,,,,,733
monster_Error000734,,,,,,,,,,,,,,,,,,734
monster_Error000735,,,,,,,,,,,,,,,,,,735
monster_Error000736,,,,,,,,,,,,,,,,,,736
monster_Error000737,,,,,,,,,,,,,,,,,,737
monster_Error000738,,,,,,,,,,,,,,,,,,738
monster_Error000739,,,,,,,,,,,,,,,,,,739
monster_Error000740,,,,,,,,,,,,,,,,,,740
monster_Error000741,,,,,,,,,,,,,,,,,,741
monster_Error000742,,,,,,,,,,,,,,,,,,742
monster_Error000743,,,,,,,,,,,,,,,,,,743
monster_Error000744,,,,,,,,,,,,,,,,,,744
monster_Error000745,,,,,,,,,,,,,,,,,,745
monster_Error000746,,,,,,,,,,,,,,,,,,746
monster_Error000747,,,,,,,,,,,,,,,,,,747
monster_Error000748,,,,,,,,,,,,,,,,,,748
monster_Error000749,,,,,,,,,,,,,,,,,,749
monster_Error000750,,,,,,,,,,,,,,,,,,750
monster_Error000751,,,,,,,,,,,,,,,,,,751
monster_Error000752,,,,,,,,,,,,,,,,,,752
monster_Error000753,,,,,,,,,,,,,,,,,,753
monster_Error000754,,,,,,,,,,,,,,,,,,754
monster_Error000755,,,,,,,,,,,,,,,,,,755
monster_Error000756,,,,,,,,,,,,,,,,,,756
monster_Error000757,,,,,,,,,,,,,,,,,,757
monster_Error000758,,,,,,,,,,,,,,,,,,758
monster_Error000759,,,,,,,,,,,,,,,,,,759
monster_Error000760,,,,,,,,,,,,,,,,,,760
monster_Error000761,,,,,,,,,,,,,,,,,,761
monster_Error000762,,,,,,,,,,,,,,,,,,762
monster_Error000763,,,,,,,,,,,,,,,,,,763
monster_Error000764,,,,,,,,,,,,,,,,,,764
monster_Error000765,,,,,,,,,,,,,,,,,,765
monster_Error000766,,,,,,,,,,,,,,,,,,766
monster_Error000767,,,,,,,,,,,,,,,,,,767
monster_Error000768,,,,,,,,,,,,,,,,,,768
monster_Error000769,,,,,,,,,,,,,,,,,,769
monster_Error000770,,,,,,,,,,,,,,,,,,770
monster_Error000771,,,,,,,,,,,,,,,,,,771
monster_Error000772,,,,,,,,,,,,,,,,,,772
monster_Error000773,,,,,,,,,,,,,,,,,,773
monster_Error000774,,,,,,,,,,,,,,,,,,774
monster_Error000775,,,,,,,,,,,,,,,,,,775
monster_Error000776,,,,,,,,,,,,,,,,,,776
monster_Error000777,,,,,,,,,,,,,,,,,,777
monster_Error000778,,,,,,,,,,,,,,,,,,778
monster_Error000779,,,,,,,,,,,,,,,,,,779
monster_Error000780,,,,,,,,,,,,,,,,,,780
monster_Error000781,,,,,,,,,,,,,,,,,,781
monster_Error000782,,,,,,,,,,,,,,,,,,782
monster_Error000783,,,,,,,,,,,,,,,,,,783
monster_Error000784,,,,,,,,,,,,,,,,,,784
monster_Error000785,,,,,,,,,,,,,,,,,,785
monster_Error000786,,,,,,,,,,,,,,,,,,786
monster_Error000787,,,,,,,,,,,,,,,,,,787
monster_Error000788,,,,,,,,,,,,,,,,,,788
monster_Error000789,,,,,,,,,,,,,,,,,,789
monster_Error000790,,,,,,,,,,,,,,,,,,790
monster_Error000791,,,,,,,,,,,,,,,,,,791
monster_Error000792,,,,,,,,,,,,,,,,,,792
monster_Error000793,,,,,,,,,,,,,,,,,,793
monster_Error000794,,,,,,,,,,,,,,,,,,794
monster_Error000795,,,,,,,,,,,,,,,,,,795
monster_Error000796,,,,,,,,,,,,,,,,,,796
monster_Error000797,,,,,,,,,,,,,,,,,,797
monster_Error000798,,,,,,,,,,,,,,,,,,798
monster_Error000799,,,,,,,,,,,,,,,,,,799
monster_Error000800,,,,,,,,,,,,,,,,,,800
monster_Error000801,,,,,,,,,,,,,,,,,,801
monster_Error000802,,,,,,,,,,,,,,,,,,802
monster_Error000803,,,,,,,,,,,,,,,,,,803
monster_Error000804,,,,,,,,,,,,,,,,,,804
monster_Error000805,,,,,,,,,,,,,,,,,,805
monster_Error000806,,,,,,,,,,,,,,,,,,806
monster_Error000807,,,,,,,,,,,,,,,,,,807
monster_Error000808,,,,,,,,,,,,,,,,,,808
monster_Error000809,,,,,,,,,,,,,,,,,,809
monster_Error000810,,,,,,,,,,,,,,,,,,810
monster_Error000811,,,,,,,,,,,,,,,,,,811
monster_Error000812,,,,,,,,,,,,,,,,,,812
monster_Error000813,,,,,,,,,,,,,,,,,,813
monster_Error000814,,,,,,,,,,,,,,,,,,814
monster_Error000815,,,,,,,,,,,,,,,,,,815
monster_Error000816,,,,,,,,,,,,,,,,,,816
monster_Error000817,,,,,,,,,,,,,,,,,,817
monster_Error000818,,,,,,,,,,,,,,,,,,818
monster_Error000819,,,,,,,,,,,,,,,,,,819
monster_Error000820,,,,,,,,,,,,,,,,,,820
monster_Error000821,,,,,,,,,,,,,,,,,,821
monster_Error000822,,,,,,,,,,,,,,,,,,822
monster_Error000823,,,,,,,,,,,,,,,,,,823
monster_Error000824,,,,,,,,,,,,,,,,,,824
monster_Error000825,,,,,,,,,,,,,,,,,,825
monster_Error000826,,,,,,,,,,,,,,,,,,826
monster_Error000827,,,,,,,,,,,,,,,,,,827
monster_Error000828,,,,,,,,,,,,,,,,,,828
monster_Error000829,,,,,,,,,,,,,,,,,,829
monster_Error000830,,,,,,,,,,,,,,,,,,830
monster_Error000831,,,,,,,,,,,,,,,,,,831
monster_Error000832,,,,,,,,,,,,,,,,,,832
monster_Error000833,,,,,,,,,,,,,,,,,,833
monster_Error000834,,,,,,,,,,,,,,,,,,834
monster_Error000835,,,,,,,,,,,,,,,,,,835
monster_Error000836,,,,,,,,,,,,,,,,,,836
monster_Error000837,,,,,,,,,,,,,,,,,,837
monster_Error000838,,,,,,,,,,,,,,,,,,838
monster_Error000839,,,,,,,,,,,,,,,,,,839
monster_Error000840,,,,,,,,,,,,,,,,,,840
monster_Error000841,,,,,,,,,,,,,,,,,,841
monster_Error000842,,,,,,,,,,,,,,,,,,842
monster_Error000843,,,,,,,,,,,,,,,,,,843
monster_Error000844,,,,,,,,,,,,,,,,,,844
monster_Error000845,,,,,,,,,,,,,,,,,,845
monster_Error000846,,,,,,,,,,,,,,,,,,846
monster_Error000847,,,,,,,,,,,,,,,,,,847
monster_Error000848,,,,,,,,,,,,,,,,,,848
monster_Error000849,,,,,,,,,,,,,,,,,,849
monster_Error000850,,,,,,,,,,,,,,,,,,850
monster_Error000851,,,,,,,,,,,,,,,,,,851
monster_Error000852,,,,,,,,,,,,,,,,,,852
monster_Error000853,,,,,,,,,,,,,,,,,,853
monster_Error000854,,,,,,,,,,,,,,,,,,854
monster_Error000855,,,,,,,,,,,,,,,,,,855
monster_Error000856,,,,,,,,,,,,,,,,,,856
monster_Error000857,,,,,,,,,,,,,,,,,,857
monster_Error000858,,,,,,,,,,,,,,,,,,858
monster_Error000859,,,,,,,,,,,,,,,,,,859
monster_Error000860,,,,,,,,,,,,,,,,,,860
monster_Error000861,,,,,,,,,,,,,,,,,,861
monster_Error000862,,,,,,,,,,,,,,,,,,862
monster_Error000863,,,,,,,,,,,,,,,,,,863
monster_Error000864,,,,,,,,,,,,,,,,,,864
monster_Error000865,,,,,,,,,,,,,,,,,,865
monster_Error000866,,,,,,,,,,,,,,,,,,866
monster_Error000867,,,,,,,,,,,,,,,,,,867
monster_Error000868,,,,,,,,,,,,,,,,,,868
monster_Error000869,,,,,,,,,,,,,,,,,,869
monster_Error000870,,,,,,,,,,,,,,,,,,870
monster_Error000871,,,,,,,,,,,,,,,,,,871
monster_Error000872,,,,,,,,,,,,,,,,,,872
monster_Error000873,,,,,,,,,,,,,,,,,,873
monster_Error000874,,,,,,,,,,,,,,,,,,874
monster_Error000875,,,,,,,,,,,,,,,,,,875
monster_Error000876,,,,,,,,,,,,,,,,,,876
monster_Error000877,,,,,,,,,,,,,,,,,,877
monster_Error000878,,,,,,,,,,,,,,,,,,878
monster_Error000879,,,,,,,,,,,,,,,,,,879
monster_Error000880,,,,,,,,,,,,,,,,,,880
monster_Error000881,,,,,,,,,,,,,,,,,,881
monster_Error000882,,,,,,,,,,,,,,,,,,882
monster_Error000883,,,,,,,,,,,,,,,,,,883
monster_Error000884,,,,,,,,,,,,,,,,,,884
monster_Error000885,,,,,,,,,,,,,,,,,,885
monster_Error000886,,,,,,,,,,,,,,,,,,886
monster_Error000887,,,,,,,,,,,,,,,,,,887
monster_Error000888,,,,,,,,,,,,,,,,,,888
monster_Error000889,,,,,,,,,,,,,,,,,,889
monster_Error000890,,,,,,,,,,,,,,,,,,890
monster_Error000891,,,,,,,,,,,,,,,,,,891
monster_Error000892,,,,,,,,,,,,,,,,,,892
monster_Error000893,,,,,,,,,,,,,,,,,,893
monster_Error000894,,,,,,,,,,,,,,,,,,894
monster_Error000895,,,,,,,,,,,,,,,,,,895
monster_Error000896,,,,,,,,,,,,,,,,,,896
monster_Error000897,,,,,,,,,,,,,,,,,,897
monster_Error000898,,,,,,,,,,,,,,,,,,898
monster_Error000899,,,,,,,,,,,,,,,,,,899
monster_Error000900,,,,,,,,,,,,,,,,,,900
monster_Error000901,,,,,,,,,,,,,,,,,,901
monster_Error000902,,,,,,,,,,,,,,,,,,902
monster_Error000903,,,,,,,,,,,,,,,,,,903
monster_Error000904,,,,,,,,,,,,,,,,,,904
monster_Error000905,,,,,,,,,,,,,,,,,,905
monster_Error000906,,,,,,,,,,,,,,,,,,906
monster_Error000907,,,,,,,,,,,,,,,,,,907
monster_Error000908,,,,,,,,,,,,,,,,,,908
monster_Error000909,,,,,,,,,,,,,,,,,,909
monster_Error000910,,,,,,,,,,,,,,,,,,910
monster_Error000911,,,,,,,,,,,,,,,,,,911
monster_Error000912,,,,,,,,,,,,,,,,,,912
monster_Error000913,,,,,,,,,,,,,,,,,,913
monster_Error000914,,,,,,,,,,,,,,,,,,914
monster_Error000915,,,,,,,,,,,,,,,,,,915
monster_Error000916,,,,,,,,,,,,,,,,,,916
monster_Error000917,,,,,,,,,,,,,,,,,,917
monster_Error000918,,,,,,,,,,,,,,,,,,918
monster_Error000919,,,,,,,,,,,,,,,,,,919
monster_Error000920,,,,,,,,,,,,,,,,,,920
monster_Error000921,,,,,,,,,,,,,,,,,,921
monster_Error000922,,,,,,,,,,,,,,,,,,922
monster_Error000923,,,,,,,,,,,,,,,,,,923
monster_Error000924,,,,,,,,,,,,,,,,,,924
monster_Error000925,,,,,,,,,,,,,,,,,,925
monster_Error000926,,,,,,,,,,,,,,,,,,926
monster_Error000927,,,,,,,,,,,,,,,,,,927
monster_Error000928,,,,,,,,,,,,,,,,,,928
monster_Error000929,,,,,,,,,,,,,,,,,,929
monster_Error000930,,,,,,,,,,,,,,,,,,930
monster_Error000931,,,,,,,,,,,,,,,,,,931
monster_Error000932,,,,,,,,,,,,,,,,,,932
monster_Error000933,,,,,,,,,,,,,,,,,,933
monster_Error000934,,,,,,,,,,,,,,,,,,934
monster_Error000935,,,,,,,,,,,,,,,,,,935
monster_Error000936,,,,,,,,,,,,,,,,,,936
monster_Error000937,,,,,,,,,,,,,,,,,,937
monster_Error000938,,,,,,,,,,,,,,,,,,938
monster_Error000939,,,,,,,,,,,,,,,,,,939
monster_Error000940,,,,,,,,,,,,,,,,,,940
monster_Error000941,,,,,,,,,,,,,,,,,,941
monster_Error000942,,,,,,,,,,,,,,,,,,942
monster_Error000943,,,,,,,,,,,,,,,,,,943
monster_Error000944,,,,,,,,,,,,,,,,,,944
monster_Error000945,,,,,,,,,,,,,,,,,,945
monster_Error000946,,,,,,,,,,,,,,,,,,946
monster_Error000947,,,,,,,,,,,,,,,,,,947
monster_Error000948,,,,,,,,,,,,,,,,,,948
monster_Error000949,,,,,,,,,,,,,,,,,,949
monster_Error000950,,,,,,,,,,,,,,,,,,950
monster_Error000951,,,,,,,,,,,,,,,,,,951
monster_Error000952,,,,,,,,,,,,,,,,,,952
monster_Error000953,,,,,,,,,,,,,,,,,,953
monster_Error000954,,,,,,,,,,,,,,,,,,954
monster_Error000955,,,,,,,,,,,,,,,,,,955
monster_Error000956,,,,,,,,,,,,,,,,,,956
monster_Error000957,,,,,,,,,,,,,,,,,,957
monster_Error000958,,,,,,,,,,,,,,,,,,958
monster_Error000959,,,,,,,,,,,,,,,,,,959
monster_Error000960,,,,,,,,,,,,,,,,,,960
monster_Error000961,,,,,,,,,,,,,,,,,,961
monster_Error000962,,,,,,,,,,,,,,,,,,962
monster_Error000963,,,,,,,,,,,,,,,,,,963
monster_Error000964,,,,,,,,,,,,,,,,,,964
monster_Error000965,,,,,,,,,,,,,,,,,,965
monster_Error000966,,,,,,,,,,,,,,,,,,966
monster_Error000967,,,,,,,,,,,,,,,,,,967
monster_Error000968,,,,,,,,,,,,,,,,,,968
monster_Error000969,,,,,,,,,,,,,,,,,,969
monster_Error000970,,,,,,,,,,,,,,,,,,970
monster_Error000971,,,,,,,,,,,,,,,,,,971
monster_Error000972,,,,,,,,,,,,,,,,,,972
monster_Error000973,,,,,,,,,,,,,,,,,,973
monster_Error000974,,,,,,,,,,,,,,,,,,974
monster_Error000975,,,,,,,,,,,,,,,,,,975
monster_Error000976,,,,,,,,,,,,,,,,,,976
monster_Error000977,,,,,,,,,,,,,,,,,,977
monster_Error000978,,,,,,,,,,,,,,,,,,978
monster_Error000979,,,,,,,,,,,,,,,,,,979